[
    {
    "content": [
        "Mix batter ingredients in a pre-sprayed 9-1/2-inch deep dish pie plate.  Spread pizza sauce evenly over batter.",
        "Top dough with pepperoni slices. Firmly push pepperoni into batter.  Sprinkle with cheese.",
        "Bake by placing in a cold oven; set temperature to 350 degrees F. Bake for 30 minutes or until done."
    ],
    "ingredients": [
        "Batter:",
        "Mazola Pure\u00ae Cooking Spray",
        "1 3/4 cups all-purpose flour",
        "2 envelopes Fleischmann's\u00ae RapidRise Yeast",
        "2 teaspoons sugar",
        "1/2 teaspoon salt",
        "3/4 cup very warm water (120 degrees F to 130 degrees F)",
        "2 tablespoons olive oil",
        "Topping:",
        "1/2 cup pizza sauce",
        "2 ounces pepperoni slices",
        "2 cups shredded mozzarella cheese"
    ],
    "language": "en-US",
    "source": "allrecipes.com",
    "tags": [],
    "title": "1-Dish Pepperoni Cheese Pizza Bake",
    "url": "http://allrecipes.com/recipe/173296/1-dish-pepperoni-cheese-pizza-bake/"
    },
    {
        "content": [
            "Stir together graham cracker crumbs, sugar, and melted butter. Press into a 9x13 inch baking dish.",
            "Use an electric mixer to beat the cream cheese until smooth. Beat in the sweetened condensed milk, lemon juice, and vanilla extract until well blended and smooth. Fold in whipped topping. Pour filling into crust and smooth the top.",
            "Top with cherry pie filling. Refrigerate until firm, 2 to 3 hours."
        ],
        "ingredients": [
            "2 1/2 cups graham cracker crumbs",
            "1/2 cup white sugar",
            "1/2 cup melted butter",
            "3 (8 ounce) packages cream cheese, softened",
            "2 (14 ounce) cans sweetened condensed milk",
            "1/2 cup lemon juice",
            "1 teaspoon vanilla extract",
            "1 (12 ounce) container frozen whipped topping, thawed",
            "2 (21 ounce) cans cherry pie filling"
        ],
        "language": "en-US",
        "source": "allrecipes.com",
        "tags": [],
        "title": "10 Pound Cheesecake",
        "url": "http://allrecipes.com/recipe/93807/10-pound-cheesecake/"
    },
    {
        "content": [
            "Combine tomato, basil, olive oil, vinegar, salt, and black pepper in a large bowl; toss until tomato wedges are  evenly coated."
        ],
        "ingredients": [
            "1 large tomato, cut into wedges",
            "1 tablespoon chopped fresh basil",
            "1 tablespoon extra-virgin olive oil",
            "1 1/2 teaspoons red wine vinegar, or to taste",
            "1 pinch salt and ground black pepper to taste (optional)"
        ],
        "language": "en-US",
        "source": "allrecipes.com",
        "tags": [],
        "title": "10-Minute Tomato Basil Salad",
        "url": "http://allrecipes.com/recipe/229822/10-minute-tomato-basil-salad/"
    },
    {
        "content": [
            "Bring sugar, 1 cup blueberries, and 1 cup water to a boil in a small saucepan; cook, stirring, until sugar dissolves, about 5 minutes. Transfer blueberry syrup to a medium bowl set inside an ice bath and let cool.",
            "Pur\u00e9e syrup and remaining blueberries in a food processor until smooth. Strain mixture through a fine-mesh sieve into a 13x9\" (or other 3-qt.) freezer-safe baking dish, pressing on solids to extract as much juice as possible; discard solids.",
            "Pour sparkling wine into baking dish and stir to combine. Freeze mixture until just beginning to crystallize, about 2 hours. Scrape with a fork, then continue to freeze, scraping every hour, until texture is similar to shaved ice, 3\u20134 hours more. Cover with plastic wrap and keep frozen until ready to serve.",
            "Granita can be made 5 days ahead; keep frozen."
        ],
        "ingredients": [
            "1 cup sugar",
            "1 (10-ounce) bag frozen blueberries",
            "1 (750-ml) bottle sparkling wine"
        ],
        "language": "en-US",
        "source": "www.epicurious.com",
        "tags": [
            "3-Ingredient Recipes",
            "Dessert",
            "Frozen Dessert",
            "Blueberry",
            "Champagne",
            "Sparkling Wine"
        ],
        "title": "3-Ingredient Blueberry Champagne Granita",
        "url": "http://www.epicurious.com/recipes/food/views/3-ingredient-blueberry-champagne-granita"
    },
    {
        "content": [
            "Preheat oven to 350 degrees F (175 degrees C).",
            "Mash bananas in a bowl with a fork until no lumps remain. Stir in oats and chocolate chips.",
            "Scoop small portions of batter onto a nonstick baking sheet.",
            "Bake in the preheated oven until golden brown, about 15 minutes. Cool for 2 to 5 minutes per serving."
        ],
        "ingredients": [
            "2 ripe bananas",
            "1/2 cup oats",
            "1/4 cup chocolate chips"
        ],
        "language": "en-US",
        "source": "allrecipes.com",
        "tags": [],
        "title": "3-Ingredient Cookies",
        "url": "http://allrecipes.com/recipe/255344/3-ingredient-cookies/"
    },
    {
        "content": [
            "Arrange racks in upper and lower thirds of oven; preheat to 400\u00b0F. Line 2 rimmed baking sheets with parchment. Mix sugar, cinnamon, and salt on a large plate. Fill a small bowl or glass with cold water.",
            "Roll out pastry between 2 sheets of parchment until short side is 10\" long and dough is about 1/8\" thick. Freeze dough 5 minutes. Using a pizza cutter or sharp knife, cut dough crosswise into 1\" strips. Transfer half of strips to refrigerator. Working one at a time, brush strip lightly with water (or use your fingertips), then immediately transfer to sugar mixture and turn to coat.",
            "Starting from the middle, use both hands to twist dough to the ends. Transfer to prepared sheet, arranging twists vertically. Repeat with remaining dough. Freeze 10 minutes.",
            "Bake twists, rotating sheets front to back and top to bottom halfway through, until golden brown and beginning to caramelize, 18\u201320 minutes. Using tongs, immediately lift twists from parchment and let cool with 1 end on rim of baking sheet (work carefully, sugar coating will be very hot)."
        ],
        "ingredients": [
            "1 cup sugar",
            "1 teaspoon ground cinnamon",
            "Pinch of kosher salt",
            "14\u201317 ounces frozen puff pastry, thawed"
        ],
        "language": "en-US",
        "source": "www.epicurious.com",
        "tags": [
            "3-Ingredient Recipes",
            "Cinnamon",
            "Phyllo/Puff Pastry Dough",
            "Dessert",
            "snack",
            "Bread",
            "Bake"
        ],
        "title": "3-Ingredient Cinnamon-Sugar Twists",
        "url": "http://www.epicurious.com/recipes/food/views/3-ingredient-cinnamon-sugar-twists"
    }
]
